,n-terminal numerators,n-terminal denominators,n-terminal fraction,c-terminal numerators,c-terminal denominators,c-terminal fraction,c-terminal fraction flipped,weighted averages,denominator sum,relative label,rgb value
1 (*),0,0,---,0.0275,0.00392,0.8752387014640356,0.1247612985359644,0.1247612985359644,0.00392,---,"color [255, 6.666278589799222, 6.666278589799222]"
2 (D),0,0,---,0.01449,0.0067399999999999995,0.6825247291568535,0.31747527084314653,0.31747527084314653,0.0067399999999999995,0.31747527084314653,"color [255, 14.277171554671208, 14.277171554671208]"
3 (A),0,0,---,0.02316,0.019338,0.5449668219680927,0.45503317803190735,0.45503317803190735,0.019338,0.13755790718876082,"color [255, 48.277891260861736, 48.277891260861736]"
4 (E),0,0,---,0.02137,0.00145,0.9364592462751972,0.06354075372480283,0.06354075372480283,0.00145,-0.3914924243071045,"color [255, 0.0, 0.0]"
5 (F),0.00352,0.00135,0.7227926078028747,0.036923,0.024059999999999998,0.6054638177852845,0.39453618221471554,0.41197601592364963,0.02541,0.3484352621988468,"color [255, 64.66560121926695, 64.66560121926695]"
6 (R),0.004869999999999999,0.00641,0.4317375886524823,0.01142,0.01196,0.48845166809238666,0.5115483319076133,0.4836992919367156,0.01837,0.071723276013066,"color [255, 45.66535778923192, 45.66535778923192]"
7 (H),0.0327,0.01722,0.655048076923077,0.00888,0.01909,0.3174830175187701,0.6825169824812298,0.6694898672592142,0.036309999999999995,0.1857905753224986,"color [255, 94.0835917572473, 94.0835917572473]"
8 (D),0.043987000000000005,0.023,0.6566497977219461,0.027860000000000003,0.04596,0.3774044974261718,0.6225955025738281,0.6339535186470113,0.06896,-0.035536348612202895,"color [255, 182.20261846046373, 182.20261846046373]"
9 (S),0.08347999999999998,0.0537,0.6085435194634786,0.014452,0.019780000000000002,0.4221780789904183,0.5778219210095816,0.6002736063249636,0.07348,-0.0336799123220477,"color [255, 194.40163838997492, 194.40163838997492]"
10 (G),0.012819999999999998,0.03072,0.29444189251263203,0.004397999999999999,0.00601,0.42255956956187546,0.5774404304381245,0.34074794241549644,0.03673,-0.2595256639094672,"color [255, 95.21712900733463, 95.21712900733463]"
11 (Y),0.03911,0.016390000000000002,0.7046846846846847,0.00727,0.0106,0.4068270844991606,0.5931729155008394,0.6608897697773576,0.02699,0.32014182736186114,"color [255, 68.92986039816685, 68.92986039816685]"
12 (E),0.048206,0.05460000000000001,0.4689025932338579,0.00434,0.03669,0.10577626127223984,0.8942237387277602,0.6398417194050845,0.09129000000000001,-0.021048050372273086,"color [255, 242.46901559010612, 242.46901559010612]"
13 (V),0.154277,0.042817999999999995,0.7827545092468099,0.009250000000000001,0.04667,0.16541487839771102,0.834585121602289,0.8097853366050055,0.089488,0.16994361719992102,"color [255, 237.60560100758863, 237.60560100758863]"
14 (H),0.03872,0.050265,0.4351295162105973,0.10255,0.00436,0.9592180338602563,0.04078196613974372,0.403653903976109,0.054625,-0.4061314326288965,"color [255, 143.51391255569783, 143.51391255569783]"
15 (H),0.03254,0.06671800000000001,0.3278325172782042,0.00339,0,1.0,0.0,0.3278325172782042,0.06671800000000001,-0.07582138669790478,"color [255, 176.15168866356913, 176.15168866356913]"
16 (Q),0.043789999999999996,0.095933,0.31340581006706125,0,0,---,---,0.31340581006706125,0.095933,-0.014426707211142975,"color [255, 255.0, 255.0]"
17 (K),0.035581,0.05003,0.4156124797047109,0,0,---,---,0.4156124797047109,0.05003,0.10220666963764963,"color [255, 131.11247526009967, 131.11247526009967]"
18 (*),0.008465,0.00658,0.5626453971419076,0,0,---,---,0.5626453971419076,0.00658,---,"color [255, 13.84534784035223, 13.84534784035223]"
